trade_no,entry_ts,entry_time,exit_ts,exit_time,direction,entry_price,exit_price,stop_price,take_price,exit_reason,gross_pnl,cost_spread,cost_slippage,cost_commission,cost_swap,total_cost,pnl,balance_after,signal
1,1779363440,2026-05-21 11:37:20,1779371540,2026-05-21 13:52:20,long,1924.92189,1919.398791880722,1919.398791880722,1935.2476821360417,sl,-27.615490596390373,1.25,0.5000000000000001,0.7000000000000001,0.0,2.45,-30.065490596390372,9969.934509403609,0.28962020674006833
2,1779372440,2026-05-21 14:07:20,1779376940,2026-05-21 15:22:20,long,1923.85808,1917.110223194229,1917.110223194229,1936.4736383760066,sl,-33.7392840288544,1.25,0.5000000000000001,0.7000000000000001,0.0,2.45,-36.1892840288544,9933.745225374754,0.2732741134122486
3,1779390440,2026-05-21 19:07:20,1779432740,2026-05-22 06:52:20,long,1912.74689,1905.5588474373021,1905.5588474373021,1926.1854043563478,sl,-35.94021281348887,1.25,0.5000000000000001,0.7000000000000001,0.15000000000000002,2.6,-38.54021281348887,9895.205012561266,0.3173941255913414
4,1779434540,2026-05-22 07:22:20,1779450740,2026-05-22 11:52:20,short,1902.75337,1899.7096,1909.18591128027,1890.7273145629733,flip,15.218849999999975,1.25,0.5000000000000001,0.7000000000000001,0.0,2.45,12.768849999999976,9907.973862561266,-0.3805683033758478
5,1779450740,2026-05-22 11:52:20,1779458840,2026-05-22 14:07:20,long,1899.7096,1893.5220308733171,1893.5220308733171,1911.2776640194504,sl,-30.937845633413875,1.25,0.5000000000000001,0.7000000000000001,0.0,2.45,-33.387845633413875,9874.586016927853,0.2735732244466444
6,1779466940,2026-05-22 16:22:20,1779488540,2026-05-22 22:22:20,long,1898.76542,1892.411741317349,1892.411741317349,1910.644036667565,sl,-31.768393413254902,1.25,0.5000000000000001,0.7000000000000001,0.0,2.45,-34.2183934132549,9840.367623514598,0.3055308152719778
7,1779490340,2026-05-22 22:52:20,1779505640,2026-05-23 03:07:20,short,1887.31851,1871.184976821511,1895.9480742582616,1871.184976821511,tp,80.6676658924448,1.25,0.5000000000000001,0.7000000000000001,0.07500000000000001,2.5250000000000004,78.1426658924448,9918.510289407042,-0.38919547730254905
8,1779506540,2026-05-23 03:22:20,1779511040,2026-05-23 04:37:20,short,1866.43093,1846.5810331571292,1877.048316683396,1846.5810331571292,tp,99.24948421435374,1.25,0.5000000000000001,0.7000000000000001,0.0,2.45,96.79948421435374,10015.309773621397,-0.45965750842926495
9,1779518240,2026-05-23 06:37:20,1779527240,2026-05-23 09:07:20,short,1840.72929,1850.24628,1852.7764199383632,1818.2063948978425,flip,-47.58495000000039,1.25,0.5000000000000001,0.7000000000000001,0.0,2.45,-50.03495000000039,9965.274823621396,-0.3747921356947169
10,1779527240,2026-05-23 09:07:20,1779529940,2026-05-23 09:52:20,long,1850.24628,1840.1283876017635,1840.1283876017635,1869.1623397010512,sl,-50.589461991182816,1.25,0.5000000000000001,0.7000000000000001,0.0,2.45,-53.03946199118282,9912.235361630213,0.33881238457495055
11,1779538040,2026-05-23 12:07:20,1779557840,2026-05-23 17:37:20,long,1851.16757,1873.3259544846783,1839.3154108570327,1873.3259544846783,tp,110.79192242339104,1.25,0.5000000000000001,0.7000000000000001,0.0,2.45,108.34192242339104,10020.577284053605,0.3863493408443901
12,1779561440,2026-05-23 18:37:20,1779587540,2026-05-24 01:52:20,long,1878.42526,1865.9388706657264,1865.9388706657264,1901.7693791901636,sl,-62.431946671367776,1.25,0.5000000000000001,0.7000000000000001,0.15000000000000002,2.6,-65.03194667136778,9955.545337382237,0.3952756868131778
13,1779590240,2026-05-24 02:37:20,1779594740,2026-05-24 03:52:20,long,1874.6349,1864.381228212655,1864.381228212655,1893.8048081241668,sl,-51.26835893672478,1.25,0.5000000000000001,0.7000000000000001,0.0,2.45,-53.71835893672478,9901.826978445511,0.32524176221878004
14,1779605540,2026-05-24 06:52:20,1779608240,2026-05-24 07:37:20,long,1865.84856,1855.026123068218,1855.026123068218,1886.0818116550702,sl,-54.11218465890898,1.25,0.5000000000000001,0.7000000000000001,0.0,2.45,-56.56218465890898,9845.264793786602,0.3156567841666359
15,1779610940,2026-05-24 08:22:20,1779636140,2026-05-24 15:22:20,short,1850.90164,1844.29936,1861.7597482497079,1830.601698489677,flip,33.01140000000032,1.25,0.5000000000000001,0.7000000000000001,0.0,2.45,30.561400000000322,9875.826193786603,-0.3864366391756195
16,1779636140,2026-05-24 15:22:20,1779648740,2026-05-24 18:52:20,long,1844.29936,1837.64044,1834.7550391975124,1862.1430901959552,flip,-33.2946000000004,1.25,0.5000000000000001,0.7000000000000001,0.0,2.45,-35.7446000000004,9840.081593786603,0.2782182887079214
17,1779648740,2026-05-24 18:52:20,1779650540,2026-05-24 19:22:20,short,1837.64044,1841.90057,1846.8757719742132,1820.374384569949,flip,-21.300650000000587,1.25,0.5000000000000001,0.7000000000000001,0.0,2.45,-23.750650000000586,9816.330943786603,-0.3753923672403394
18,1779650540,2026-05-24 19:22:20,1779658640,2026-05-24 21:37:20,long,1841.90057,1832.7762296497854,1832.7762296497854,1858.9591193504011,sl,-45.62170175107326,1.25,0.5000000000000001,0.7000000000000001,0.0,2.45,-48.07170175107326,9768.25924203553,0.27172562981396187
19,1779662240,2026-05-24 22:37:20,1779678440,2026-05-25 03:07:20,short,1826.6864,1818.19643,1835.718863430259,1809.7996205434288,flip,42.449850000000424,1.25,0.5000000000000001,0.7000000000000001,0.07500000000000001,2.5250000000000004,39.92485000000042,9808.184092035532,-0.39119514322313864
20,1779678440,2026-05-25 03:07:20,1779708140,2026-05-25 11:22:20,long,1818.19643,1810.59925219532,1810.59925219532,1832.3998493739666,sl,-37.9858890233993,1.25,0.5000000000000001,0.7000000000000001,0.0,2.45,-40.435889023399305,9767.748203012132,0.3053438866849106
21,1779741440,2026-05-25 20:37:20,1779781040,2026-05-26 07:37:20,short,1792.61492,1791.6294,1800.4152043314643,1778.0317797281318,flip,4.9275999999997575,1.25,0.5000000000000001,0.7000000000000001,0.07500000000000001,2.5250000000000004,2.402599999999757,9770.150803012131,-0.3777652952174723
22,1779781040,2026-05-26 07:37:20,1779787340,2026-05-26 09:22:20,long,1791.6294,1783.8280295835496,1783.8280295835496,1806.2145707785814,sl,-39.00685208225241,1.25,0.5000000000000001,0.7000000000000001,0.0,2.45,-41.45685208225241,9728.693950929879,0.289729047552308
23,1779794540,2026-05-26 11:22:20,1779812540,2026-05-26 16:22:20,long,1787.88938,1780.124207114851,1780.124207114851,1802.406877133105,sl,-38.825864425745074,1.25,0.5000000000000001,0.7000000000000001,0.0,2.45,-41.27586442574508,9687.418086504134,0.2951903199582748
24,1779820640,2026-05-26 18:37:20,1779836840,2026-05-26 23:07:20,long,1786.68553,1777.6347063051498,1777.6347063051498,1803.6066351686327,sl,-45.25411847425062,1.25,0.5000000000000001,0.7000000000000001,0.0,2.45,-47.70411847425062,9639.713968029884,0.32139495496643233
25,1779841340,2026-05-27 00:22:20,1779867440,2026-05-27 07:37:20,short,1771.42686,1752.6262114023573,1781.483020877809,1752.6262114023573,tp,94.00324298821374,1.25,0.5000000000000001,0.7000000000000001,0.0,2.45,91.55324298821374,9731.267211018097,-0.38559197470587414
26,1779871040,2026-05-27 08:37:20,1779883640,2026-05-27 12:07:20,short,1752.21413,1758.66593,1763.42846769543,1731.2481943085443,flip,-32.258999999999105,1.25,0.5000000000000001,0.7000000000000001,0.0,2.45,-34.70899999999911,9696.558211018099,-0.3703684975582389
27,1779883640,2026-05-27 12:07:20,1779904340,2026-05-27 17:52:20,long,1758.66593,1760.06709,1747.7253233552103,1779.1201076402585,flip,7.00580000000059,1.25,0.5000000000000001,0.7000000000000001,0.0,2.45,4.55580000000059,9701.114011018099,0.35216415399022827
28,1779904340,2026-05-27 17:52:20,1779909740,2026-05-27 19:22:20,short,1760.06709,1771.40057726406,1771.40057726406,1738.878396419366,sl,-56.66743632030035,1.25,0.5000000000000001,0.7000000000000001,0.0,2.45,-59.11743632030035,9641.996574697798,-0.37516963803622905
29,1779909740,2026-05-27 19:22:20,1779916040,2026-05-27 21:07:20,long,1769.87572,1757.2073228254237,1757.2073228254237,1793.560114717686,sl,-63.34198587288142,1.25,0.5000000000000001,0.7000000000000001,0.0,2.45,-65.79198587288143,9576.204588824916,0.35202690884957993
30,1779917840,2026-05-27 21:37:20,1779942140,2026-05-28 04:22:20,short,1754.47805,1731.0795867563268,1766.993507083825,1731.0795867563268,tp,116.9923162183659,1.25,0.5000000000000001,0.7000000000000001,0.07500000000000001,2.5250000000000004,114.4673162183659,9690.671905043282,-0.39915046779726543
31,1779946640,2026-05-28 05:37:20,1779952040,2026-05-28 07:07:20,long,1740.00667,1728.4362061939562,1728.4362061939562,1761.6384066808644,sl,-57.85231903021896,1.25,0.5000000000000001,0.7000000000000001,0.0,2.45,-60.30231903021896,9630.369586013063,0.28235495691606033
32,1779952040,2026-05-28 07:07:20,1779963740,2026-05-28 10:22:20,short,1728.22969,1724.05063,1739.3073875297991,1707.5192120095055,flip,20.89529999999968,1.25,0.5000000000000001,0.7000000000000001,0.0,2.45,18.44529999999968,9648.814886013062,-0.37563396493980555
33,1779963740,2026-05-28 10:22:20,1779967340,2026-05-28 11:22:20,long,1724.05063,1715.99776,1712.7846646034009,1745.1130870458155,flip,-40.26434999999993,1.25,0.5000000000000001,0.7000000000000001,0.0,2.45,-42.71434999999993,9606.100536013062,0.308387483638938
34,1779967340,2026-05-28 11:22:20,1779968240,2026-05-28 11:37:20,short,1715.99776,1727.04467,1728.230783954505,1693.1273239111429,flip,-55.23455000000013,1.25,0.5000000000000001,0.7000000000000001,0.0,2.45,-57.68455000000013,9548.415986013062,-0.38140638385043646
35,1779968240,2026-05-28 11:37:20,1779976340,2026-05-28 13:52:20,long,1727.04467,1753.1539225825102,1713.0792558279597,1753.1539225825102,tp,130.5462629125509,1.25,0.5000000000000001,0.7000000000000001,0.0,2.45,128.0962629125509,9676.512248925614,0.3392368780505117
36,1779979940,2026-05-28 14:52:20,1779988940,2026-05-28 17:22:20,long,1755.3803,1741.2185825432848,1741.2185825432848,1781.856554375598,sl,-70.80858728357612,1.25,0.5000000000000001,0.7000000000000001,0.0,2.45,-73.25858728357612,9603.253661642038,0.42992404457464733
37,1779990740,2026-05-28 17:52:20,1780014140,2026-05-29 00:22:20,short,1718.56024,1703.72647,1736.7827863309196,1684.4920012074112,flip,74.1688499999998,1.25,0.5000000000000001,0.7000000000000001,0.07500000000000001,2.5250000000000004,71.64384999999979,9674.897511642039,-0.4692606166502171
38,1780014140,2026-05-29 00:22:20,1780024040,2026-05-29 03:07:20,long,1703.72647,1684.903347088642,1684.903347088642,1738.9175258777564,sl,-94.1156145567902,1.25,0.5000000000000001,0.7000000000000001,0.0,2.45,-96.56561455679021,9578.331897085249,0.31804525106557785
39,1780024040,2026-05-29 03:07:20,1780030340,2026-05-29 04:52:20,short,1689.69498,1712.84922921262,1712.84922921262,1646.4066010372755,sl,-115.77124606310008,1.25,0.5000000000000001,0.7000000000000001,0.0,2.45,-118.22124606310008,9460.110651022149,-0.4805661104337366
40,1780034840,2026-05-29 06:07:20,1780045640,2026-05-29 09:07:20,long,1709.18301,1699.34311,1686.9935138612307,1750.6677201724817,flip,-49.199499999999716,1.25,0.5000000000000001,0.7000000000000001,0.0,2.45,-51.64949999999972,9408.46115102215,0.3055193699245741
41,1780045640,2026-05-29 09:07:20,1780049240,2026-05-29 10:07:20,short,1699.34311,1720.592145502575,1720.592145502575,1659.616652321273,sl,-106.24517751287499,1.25,0.5000000000000001,0.7000000000000001,0.0,2.45,-108.69517751287499,9299.765973509275,-0.37006940505773156
42,1780049240,2026-05-29 10:07:20,1780060940,2026-05-29 13:22:20,long,1720.15207,1697.852833217096,1697.852833217096,1761.8419474636903,sl,-111.4961839145201,1.25,0.5000000000000001,0.7000000000000001,0.0,2.45,-113.9461839145201,9185.819789594754,0.489847639502675
43,1780065440,2026-05-29 14:37:20,1780077140,2026-05-29 17:52:20,short,1689.64905,1687.26402,1713.410720309813,1645.2250576816537,flip,11.925149999999576,1.25,0.5000000000000001,0.7000000000000001,0.0,2.45,9.475149999999577,9195.294939594754,-0.41016712336495226
44,1780077140,2026-05-29 17:52:20,1780080740,2026-05-29 18:52:20,long,1687.26402,1675.80571,1668.317915419973,1722.684998127877,flip,-57.291549999999916,1.25,0.5000000000000001,0.7000000000000001,0.0,2.45,-59.74154999999992,9135.553389594754,0.2930103571488338
45,1780080740,2026-05-29 18:52:20,1780091540,2026-05-29 21:52:20,short,1675.80571,1640.0898639800528,1694.9095346153208,1640.0898639800528,tp,178.5792300997366,1.25,0.5000000000000001,0.7000000000000001,0.0,2.45,176.12923009973662,9311.682619694491,-0.4245068235641502
46,1780091540,2026-05-29 21:52:20,1780103240,2026-05-30 01:07:20,short,1641.46771,1640.62013,1661.678328756602,1603.6826401507,flip,4.237899999999399,1.25,0.5000000000000001,0.7000000000000001,0.07500000000000001,2.5250000000000004,1.7128999999993992,9313.39551969449,-0.4070408912783711
47,1780103240,2026-05-30 01:07:20,1780115840,2026-05-30 04:37:20,long,1640.62013,1621.725900596889,1621.725900596889,1675.9441241014683,sl,-94.47114701555506,1.25,0.5000000000000001,0.7000000000000001,0.0,2.45,-96.92114701555506,9216.474372678935,0.28276120514061387
48,1780119440,2026-05-30 05:37:20,1780127540,2026-05-30 07:52:20,short,1615.53198,1637.0298511810238,1637.0298511810238,1575.3403077919988,sl,-107.48935590511906,1.25,0.5000000000000001,0.7000000000000001,0.0,2.45,-109.93935590511906,9106.535016773816,-0.5114093034190761
49,1780127540,2026-05-30 07:52:20,1780133840,2026-05-30 09:37:20,long,1636.20957,1613.9807660229321,1613.9807660229321,1677.7677687397356,sl,-111.14401988533929,1.25,0.5000000000000001,0.7000000000000001,0.0,2.45,-113.59401988533929,8992.940996888477,0.290919052898794
50,1780135640,2026-05-30 10:07:20,1780149140,2026-05-30 13:52:20,short,1616.00842,1623.54789,1638.6450049565885,1573.6878481246385,flip,-37.69735000000083,1.25,0.5000000000000001,0.7000000000000001,0.0,2.45,-40.147350000000834,8952.793646888476,-0.4630781568562521
51,1780149140,2026-05-30 13:52:20,1780157240,2026-05-30 16:07:20,long,1623.54789,1607.31368,1598.6458669453373,1670.103846145674,flip,-81.17105000000038,1.25,0.5000000000000001,0.7000000000000001,0.0,2.45,-83.62105000000038,8869.172596888477,0.28377933399954997
52,1780157240,2026-05-30 16:07:20,1780171640,2026-05-30 20:07:20,short,1607.31368,1621.33363,1630.424008537016,1564.1074136047089,flip,-70.09975000000055,1.25,0.5000000000000001,0.7000000000000001,0.0,2.45,-72.54975000000056,8796.622846888476,-0.44956162870692346
53,1780171640,2026-05-30 20:07:20,1780177040,2026-05-30 21:37:20,long,1621.33363,1609.66227,1599.2026547388443,1662.7089315752046,flip,-58.356800000000256,1.25,0.5000000000000001,0.7000000000000001,0.0,2.45,-60.80680000000026,8735.816046888476,0.4536929404190574
54,1780177040,2026-05-30 21:37:20,1780183340,2026-05-30 23:22:20,short,1609.66227,1620.9391,1629.875007922593,1571.8732382316737,flip,-56.38415000000009,1.25,0.5000000000000001,0.7000000000000001,0.0,2.45,-58.83415000000009,8676.981896888476,-0.39147460972435855
55,1780183340,2026-05-30 23:22:20,1780211240,2026-05-31 07:07:20,long,1620.9391,1630.81363,1600.885012668084,1658.4315241422776,flip,49.37265000000025,1.25,0.5000000000000001,0.7000000000000001,0.15000000000000002,2.6,46.77265000000025,8723.754546888476,0.3737895216042684
56,1780211240,2026-05-31 07:07:20,1780215740,2026-05-31 08:22:20,short,1630.81363,1633.04607,1644.9682996005076,1604.3505520512251,flip,-11.162199999999984,1.25,0.5000000000000001,0.7000000000000001,0.0,2.45,-13.612199999999984,8710.142346888477,-0.3608008971031403
57,1780215740,2026-05-31 08:22:20,1780222940,2026-05-31 10:22:20,long,1633.04607,1620.5665253659408,1620.5665253659408,1656.3773925767193,sl,-62.39772317029634,1.25,0.5000000000000001,0.7000000000000001,0.0,2.45,-64.84772317029633,8645.29462371818,0.2940959937009973
58,1780237340,2026-05-31 14:22:20,1780239140,2026-05-31 14:52:20,long,1626.63362,1617.29163,1614.0819613504266,1650.0997644318115,flip,-46.709950000000624,1.25,0.5000000000000001,0.7000000000000001,0.0,2.45,-49.15995000000063,8596.13467371818,0.35420842947303205
59,1780239140,2026-05-31 14:52:20,1780240940,2026-05-31 15:22:20,short,1617.29163,1622.28183,1630.5139354631526,1592.5716676123666,flip,-24.950999999999794,1.25,0.5000000000000001,0.7000000000000001,0.0,2.45,-27.400999999999794,8568.73367371818,-0.40923967792465044
60,1780240940,2026-05-31 15:22:20,1780269740,2026-05-31 23:22:20,long,1622.28183,1646.8232509362756,1609.1550234526896,1646.8232509362756,tp,122.70710468137851,1.25,0.5000000000000001,0.7000000000000001,0.0,2.45,120.25710468137851,8688.990778399559,0.28994624406574315
61,1780274240,2026-06-01 00:37:20,1780285940,2026-06-01 03:52:20,long,1653.57133,1641.763826493932,1641.763826493932,1675.646227859171,sl,-59.037517530340445,1.25,0.5000000000000001,0.7000000000000001,0.0,2.45,-61.48751753034045,8627.503260869218,0.46145821901787837
62,1780289540,2026-06-01 04:52:20,1780312040,2026-06-01 11:07:20,long,1650.18538,1641.54121,1639.6302252646828,1669.9189301573317,flip,-43.220849999999025,1.25,0.5000000000000001,0.7000000000000001,0.0,2.45,-45.67084999999903,8581.83241086922,0.31600536286714376
63,1780312040,2026-06-01 11:07:20,1780313840,2026-06-01 11:37:20,short,1641.54121,1647.64003,1651.6763092146764,1622.5929810334314,flip,-30.494099999999662,1.25,0.5000000000000001,0.7000000000000001,0.0,2.45,-32.944099999999665,8548.88831086922,-0.38910860588138846
64,1780313840,2026-06-01 11:37:20,1780319240,2026-06-01 13:07:20,long,1647.64003,1637.0009787434678,1637.0009787434678,1667.5304301752558,sl,-53.19525628266092,1.25,0.5000000000000001,0.7000000000000001,0.0,2.45,-55.645256282660924,8493.243054586559,0.3070130562721847
65,1780319240,2026-06-01 13:07:20,1780333640,2026-06-01 17:07:20,short,1636.50682,1615.1234460854878,1647.944438605437,1615.1234460854878,tp,106.9168695725614,1.25,0.5000000000000001,0.7000000000000001,0.0,2.45,104.4668695725614,8597.70992415912,-0.4151904276588334
66,1780338140,2026-06-01 18:22:20,1780356140,2026-06-01 23:22:20,short,1607.56957,1600.98938,1619.1609969225985,1585.8986414055769,flip,32.90095000000065,1.25,0.5000000000000001,0.7000000000000001,0.0,2.45,30.45095000000065,8628.16087415912,-0.4600579354472759
67,1780356140,2026-06-01 23:22:20,1780368740,2026-06-02 02:52:20,long,1600.98938,1619.9462532113687,1590.8496571195005,1619.9462532113687,tp,94.78436605684351,1.25,0.5000000000000001,0.7000000000000001,0.15000000000000002,2.6,92.1843660568435,8720.345240215964,0.3299391990395592
68,1780368740,2026-06-02 02:52:20,1780405640,2026-06-02 13:07:20,long,1623.98271,1645.1975119580518,1612.6352577898792,1645.1975119580518,tp,106.07400979025898,1.25,0.5000000000000001,0.7000000000000001,0.0,2.45,103.62400979025898,8823.969250006223,0.32771850382270074
69,1780412840,2026-06-02 15:07:20,1780440740,2026-06-02 22:52:20,short,1629.30892,1615.91787,1643.158956586224,1603.4153733387986,flip,66.95524999999975,1.25,0.5000000000000001,0.7000000000000001,0.0,2.45,64.50524999999975,8888.474500006223,-0.37218408689982246
70,1780440740,2026-06-02 22:52:20,1780480340,2026-06-03 09:52:20,long,1615.91787,1620.21005,1603.7955638884046,1638.5813118608087,flip,21.460899999999583,1.25,0.5000000000000001,0.7000000000000001,0.45000000000000007,2.9000000000000004,18.560899999999585,8907.035400006223,0.29652108617962625
71,1780480340,2026-06-03 09:52:20,1780500140,2026-06-03 15:22:20,short,1620.21005,1620.83267,1632.3679483388132,1597.4800661491752,flip,-3.1131000000004865,1.25,0.5000000000000001,0.7000000000000001,0.0,2.45,-5.563100000000487,8901.472300006222,-0.37439318528100946
72,1780500140,2026-06-03 15:22:20,1780531640,2026-06-04 00:07:20,long,1620.83267,1639.3328775362108,1610.93721015505,1639.3328775362108,tp,92.50103768105419,1.25,0.5000000000000001,0.7000000000000001,0.15000000000000002,2.6,89.90103768105418,8991.373337687277,0.3856401781791055
73,1780541540,2026-06-04 02:52:20,1780548740,2026-06-04 04:52:20,long,1650.48301,1641.3644232448992,1641.3644232448992,1667.5308026291013,sl,-45.59293377550375,1.25,0.5000000000000001,0.7000000000000001,0.0,2.45,-48.042933775503755,8943.330403911774,0.3282639709467496
74,1780551440,2026-06-04 05:37:20,1780576640,2026-06-04 12:37:20,short,1639.59993,1631.72778,1650.35682227018,1619.4892183644467,flip,39.360750000000735,1.25,0.5000000000000001,0.7000000000000001,0.0,2.45,36.91075000000073,8980.241153911775,-0.3796767080983585
75,1780576640,2026-06-04 12:37:20,1780601840,2026-06-04 19:37:20,long,1631.72778,1621.2676443290147,1621.2676443290147,1651.2836858196679,sl,-52.300678354926056,1.25,0.5000000000000001,0.7000000000000001,0.0,2.45,-54.75067835492606,8925.49047555685,0.3270322103990351
76,1780601840,2026-06-04 19:37:20,1780607240,2026-06-04 21:07:20,short,1619.56033,1632.5265754024265,1632.5265754024265,1595.3190885954634,sl,-64.83122701213233,1.25,0.5000000000000001,0.7000000000000001,0.0,2.45,-67.28122701213233,8858.209248544717,-0.5375527257669873
77,1780611740,2026-06-04 22:22:20,1780617140,2026-06-04 23:52:20,long,1631.30084,1617.402118235899,1617.402118235899,1657.285406776363,sl,-69.49360882050541,1.25,0.5000000000000001,0.7000000000000001,0.0,2.45,-71.94360882050542,8786.265639724212,0.32384335497813993
78,1780619840,2026-06-05 00:37:20,1780624340,2026-06-05 01:52:20,short,1617.7118,1630.0232148816615,1630.0232148816615,1594.6948069603723,sl,-61.557074408307244,1.25,0.5000000000000001,0.7000000000000001,0.0,2.45,-64.00707440830725,8722.258565315904,-0.3660396602043977
79,1780624340,2026-06-05 01:52:20,1780660340,2026-06-05 11:52:20,long,1628.32507,1621.11158,1615.5136785329091,1652.276801873257,flip,-36.06745000000047,1.25,0.5000000000000001,0.7000000000000001,0.0,2.45,-38.51745000000047,8683.741115315903,0.38964234205549764
80,1780660340,2026-06-05 11:52:20,1780668440,2026-06-05 14:07:20,short,1621.11158,1618.39528,1634.8409804526227,1595.4435704581401,flip,13.581500000000233,1.25,0.5000000000000001,0.7000000000000001,0.0,2.45,11.131500000000234,8694.872615315902,-0.3750366521302256
81,1780668440,2026-06-05 14:07:20,1780682840,2026-06-05 18:07:20,long,1618.39528,1614.03219,1604.2501948362058,1644.8404392192674,flip,-21.815450000000283,1.25,0.5000000000000001,0.7000000000000001,0.0,2.45,-24.265450000000282,8670.607165315902,0.2857641286325173
82,1780682840,2026-06-05 18:07:20,1780693640,2026-06-05 21:07:20,short,1614.03219,1622.62782,1626.6686094839388,1590.407579660462,flip,-42.97815000000014,1.25,0.5000000000000001,0.7000000000000001,0.0,2.45,-45.428150000000144,8625.179015315902,-0.3733236013877302
83,1780693640,2026-06-05 21:07:20,1780701740,2026-06-05 23:22:20,long,1622.62782,1610.4055381757976,1610.4055381757976,1645.4781729756824,sl,-61.11140912101178,1.25,0.5000000000000001,0.7000000000000001,0.0,2.45,-63.561409121011785,8561.61760619489,0.3695803988639899
84,1780707140,2026-06-06 00:52:20,1780732340,2026-06-06 07:52:20,long,1613.1447,1615.9008,1601.329382963791,1635.2342057633477,flip,13.780499999999165,1.25,0.5000000000000001,0.7000000000000001,0.0,2.45,11.330499999999166,8572.94810619489,0.27329407669754446
85,1780732340,2026-06-06 07:52:20,1780737740,2026-06-06 09:22:20,short,1615.9008,1616.36448,1630.2082112756102,1589.1521615282068,flip,-2.3184000000003384,1.25,0.5000000000000001,0.7000000000000001,0.0,2.45,-4.768400000000339,8568.17970619489,-0.37413439863723424
86,1780737740,2026-06-06 09:22:20,1780742240,2026-06-06 10:37:20,long,1616.36448,1600.54600849128,1600.54600849128,1645.938144124998,sl,-79.09235754359997,1.25,0.5000000000000001,0.7000000000000001,0.0,2.45,-81.54235754359998,8486.63734865129,0.2705301600061572
87,1780753040,2026-06-06 13:37:20,1780784540,2026-06-06 22:22:20,long,1599.76227,1602.59069,1584.4187444735671,1628.4479916363744,flip,14.142100000000255,1.25,0.5000000000000001,0.7000000000000001,0.0,2.45,11.692100000000256,8498.32944865129,0.30318911887027317
88,1780784540,2026-06-06 22:22:20,1780790840,2026-06-07 00:07:20,short,1602.59069,1608.51578,1613.509267952839,1582.1776964359963,flip,-29.625449999999777,1.25,0.5000000000000001,0.7000000000000001,0.07500000000000001,2.5250000000000004,-32.15044999999978,8466.17899865129,-0.368780340841179
89,1780790840,2026-06-07 00:07:20,1780800740,2026-06-07 02:52:20,long,1608.51578,1598.45074,1595.1655410517774,1633.4749223814595,flip,-50.32519999999977,1.25,0.5000000000000001,0.7000000000000001,0.0,2.45,-52.77519999999977,8413.40379865129,0.3303269257310862
90,1780800740,2026-06-07 02:52:20,1780803440,2026-06-07 03:37:20,short,1598.45074,1606.45473,1611.2373984308197,1574.5452481510763,flip,-40.01994999999965,1.25,0.5000000000000001,0.7000000000000001,0.0,2.45,-42.469949999999656,8370.933848651292,-0.3692840507764227
91,1780803440,2026-06-07 03:37:20,1780825040,2026-06-07 09:37:20,long,1606.45473,1611.60409,1593.3602160493765,1630.9357778207307,flip,25.746800000000576,1.25,0.5000000000000001,0.7000000000000001,0.0,2.45,23.296800000000577,8394.230648651292,0.31633902889095694
92,1780825040,2026-06-07 09:37:20,1780838540,2026-06-07 13:22:20,short,1611.60409,1586.8782321227927,1624.8295488645529,1586.8782321227927,tp,123.62928938603659,1.25,0.5000000000000001,0.7000000000000001,0.0,2.45,121.17928938603659,8515.409938037328,-0.36391229869934744
93,1780843040,2026-06-07 14:37:20,1780871840,2026-06-07 22:37:20,short,1587.30721,1577.58491,1600.9724579299254,1561.7591377831825,flip,48.61149999999952,1.25,0.5000000000000001,0.7000000000000001,0.0,2.45,46.16149999999952,8561.571438037328,-0.40290237822979613
94,1780871840,2026-06-07 22:37:20,1780881740,2026-06-08 01:22:20,long,1577.58491,1570.92525,1566.4256704490945,1598.4478361169104,flip,-33.29830000000016,1.25,0.5000000000000001,0.7000000000000001,0.15000000000000002,2.6,-35.89830000000016,8525.673138037328,0.3580355018971657
95,1780881740,2026-06-08 01:22:20,1780893440,2026-06-08 04:37:20,short,1570.92525,1548.788189795563,1582.7660031326056,1548.788189795563,tp,110.68530102218462,1.25,0.5000000000000001,0.7000000000000001,0.0,2.45,108.23530102218461,8633.908439059513,-0.38363928592376617
96,1780896140,2026-06-08 05:22:20,1780917740,2026-06-08 11:22:20,short,1542.96843,1513.53193661873,1558.7135311109116,1513.53193661873,tp,147.18246690634942,1.25,0.5000000000000001,0.7000000000000001,0.0,2.45,144.73246690634943,8778.640905965862,-0.4952567841998148
97,1780925840,2026-06-08 13:37:20,1780934840,2026-06-08 16:07:20,short,1512.16484,1511.65509,1527.9056666640815,1482.7363379758474,flip,2.5487499999997,1.25,0.5000000000000001,0.7000000000000001,0.0,2.45,0.09874999999969969,8778.739655965861,-0.36449589868436266
98,1780934840,2026-06-08 16:07:20,1780944740,2026-06-08 18:52:20,long,1511.65509,1495.7266762211207,1495.7266762211207,1541.434298369209,sl,-79.64206889439652,1.25,0.5000000000000001,0.7000000000000001,0.0,2.45,-82.09206889439652,8696.647587071464,0.35197113590672535
99,1780947440,2026-06-08 19:37:20,1780952840,2026-06-08 21:07:20,long,1507.68491,1491.72477106824,1491.72477106824,1537.523430611551,sl,-79.80069465879978,1.25,0.5000000000000001,0.7000000000000001,0.0,2.45,-82.25069465879979,8614.396892412664,0.32963487020866605
100,1780952840,2026-06-08 21:07:20,1780973540,2026-06-09 02:52:20,short,1488.81723,1492.29508,1506.8932858913838,1455.0228646378482,flip,-17.389249999999947,1.25,0.5000000000000001,0.7000000000000001,0.07500000000000001,2.5250000000000004,-19.914249999999946,8594.482642412664,-0.5488550850822845
101,1780973540,2026-06-09 02:52:20,1780999640,2026-06-09 10:07:20,long,1492.29508,1526.0268392252754,1474.2525111120622,1526.0268392252754,tp,168.65879612637627,1.25,0.5000000000000001,0.7000000000000001,0.0,2.45,166.20879612637628,8760.691438539041,0.35213418187241
102,1780999640,2026-06-09 10:07:20,1781023940,2026-06-09 16:52:20,long,1531.0535,1513.68723,1512.1216411442551,1566.4478448172622,flip,-86.83134999999993,1.25,0.5000000000000001,0.7000000000000001,0.0,2.45,-89.28134999999993,8671.410088539042,0.541140597551213
103,1781023940,2026-06-09 16:52:20,1781030240,2026-06-09 18:37:20,short,1513.68723,1528.71044,1534.8649246202704,1474.0941487534078,flip,-75.11605000000033,1.25,0.5000000000000001,0.7000000000000001,0.0,2.45,-77.56605000000033,8593.844038539042,-0.4078666037016353
104,1781030240,2026-06-09 18:37:20,1781041040,2026-06-09 21:37:20,long,1528.71044,1532.24578,1507.0018182482177,1569.2961241446367,flip,17.676699999999528,1.25,0.5000000000000001,0.7000000000000001,0.0,2.45,15.226699999999529,8609.070738539041,0.3443979380090704
105,1781041040,2026-06-09 21:37:20,1781057240,2026-06-10 02:07:20,short,1532.24578,1492.6031827731044,1553.4499599120604,1492.6031827731044,tp,198.21298613447766,1.25,0.5000000000000001,0.7000000000000001,0.22500000000000003,2.6750000000000003,195.53798613447768,8804.608724673519,-0.41403085237953396
106,1781059040,2026-06-10 02:37:20,1781077040,2026-06-10 07:37:20,short,1481.33852,1487.8879,1502.791039067313,1441.231636526328,flip,-32.74689999999965,1.25,0.5000000000000001,0.7000000000000001,0.0,2.45,-35.19689999999965,8769.41182467352,-0.4705335007201491
107,1781077040,2026-06-10 07:37:20,1781081540,2026-06-10 08:52:20,long,1487.8879,1467.3012551284057,1467.3012551284057,1526.3759751947196,sl,-102.9332243579711,1.25,0.5000000000000001,0.7000000000000001,0.0,2.45,-105.3832243579711,8664.028600315549,0.38671061767710085
108,1781086940,2026-06-10 10:22:20,1781106740,2026-06-10 15:52:20,short,1457.48879,1416.4260171942328,1479.4525987100617,1416.4260171942328,tp,205.31386402883643,1.25,0.5000000000000001,0.7000000000000001,0.0,2.45,202.86386402883645,8866.892464344386,-0.5861419213121061
109,1781107640,2026-06-10 16:07:20,1781125640,2026-06-10 21:07:20,long,1435.85503,1424.5323,1413.8375151659452,1477.018209907146,flip,-56.613649999999325,1.25,0.5000000000000001,0.7000000000000001,0.0,2.45,-59.06364999999933,8807.828814344386,0.41170666221610674
110,1781125640,2026-06-10 21:07:20,1781132840,2026-06-10 23:07:20,short,1424.5323,1431.12048,1446.6583968104842,1383.1661190064863,flip,-32.94089999999983,1.25,0.5000000000000001,0.7000000000000001,0.0,2.45,-35.39089999999983,8772.437914344386,-0.5822067920777978
111,1781132840,2026-06-10 23:07:20,1781153540,2026-06-11 04:52:20,long,1431.12048,1429.30547,1409.95860084046,1470.683993211314,flip,-9.075050000000147,1.25,0.5000000000000001,0.7000000000000001,0.15000000000000002,2.6,-11.675050000000146,8760.762864344386,0.3322769974233536
112,1781153540,2026-06-11 04:52:20,1781156240,2026-06-11 05:37:20,short,1429.30547,1434.39272,1447.3258212184105,1395.6152481568847,flip,-25.4362500000002,1.25,0.5000000000000001,0.7000000000000001,0.0,2.45,-27.8862500000002,8732.876614344386,-0.3924025899021904
113,1781156240,2026-06-11 05:37:20,1781158040,2026-06-11 06:07:20,long,1434.39272,1426.26742,1416.731797489487,1467.4109664326984,flip,-40.62650000000077,1.25,0.5000000000000001,0.7000000000000001,0.0,2.45,-43.07650000000077,8689.800114344385,0.2903244496565231
114,1781158040,2026-06-11 06:07:20,1781161640,2026-06-11 07:07:20,short,1426.26742,1429.84662,1444.893846802432,1391.4441003258876,flip,-17.89600000000064,1.25,0.5000000000000001,0.7000000000000001,0.0,2.45,-20.34600000000064,8669.454114344384,-0.42442299850386705
115,1781161640,2026-06-11 07:07:20,1781167940,2026-06-11 08:52:20,long,1429.84662,1424.38249,1410.9247657320318,1465.2222605879406,flip,-27.32065000000034,1.25,0.5000000000000001,0.7000000000000001,0.0,2.45,-29.77065000000034,8639.683464344384,0.2763289652705884
116,1781167940,2026-06-11 08:52:20,1781173340,2026-06-11 10:22:20,short,1424.38249,1443.0539641752453,1443.0539641752453,1389.4749513245415,sl,-93.35737087622647,1.25,0.5000000000000001,0.7000000000000001,0.0,2.45,-95.80737087622647,8543.876093468158,-0.3875664171414274
117,1781173340,2026-06-11 10:22:20,1781196740,2026-06-11 16:52:20,long,1446.25381,1485.2816720809274,1425.3784419102014,1485.2816720809274,tp,195.1393104046372,1.25,0.5000000000000001,0.7000000000000001,0.0,2.45,192.6893104046372,8736.565403872795,0.3277008526846713
118,1781196740,2026-06-11 16:52:20,1781216540,2026-06-11 22:22:20,long,1483.93393,1524.626636052784,1462.1680639717665,1524.626636052784,tp,203.4635302639208,1.25,0.5000000000000001,0.7000000000000001,0.0,2.45,201.0135302639208,8937.578934136716,0.41755433389778024
119,1781216540,2026-06-11 22:22:20,1781236340,2026-06-12 03:52:20,long,1527.57909,1529.61125,1508.0205988594366,1564.144964741053,flip,10.160799999999881,1.25,0.5000000000000001,0.7000000000000001,0.15000000000000002,2.6,7.5607999999998805,8945.139734136716,0.45205737500909765
120,1781236340,2026-06-12 03:52:20,1781247140,2026-06-12 06:52:20,short,1529.61125,1500.2664280711047,1545.3073175433626,1500.2664280711047,tp,146.72410964447639,1.25,0.5000000000000001,0.7000000000000001,0.0,2.45,144.2741096444764,9089.413843781193,-0.4079064341141973
121,1781247140,2026-06-12 06:52:20,1781265140,2026-06-12 11:52:20,short,1502.25776,1512.69673,1520.9602326986,1467.2922675634866,flip,-52.19484999999964,1.25,0.5000000000000001,0.7000000000000001,0.0,2.45,-54.64484999999964,9034.768993781194,-0.3628846899148076
122,1781265140,2026-06-12 11:52:20,1781288540,2026-06-12 18:22:20,long,1512.69673,1540.7264969360544,1497.7040639644358,1540.7264969360544,tp,140.14883468027278,1.25,0.5000000000000001,0.7000000000000001,0.0,2.45,137.6988346802728,9172.467828461467,0.3823467801282588
123,1781294840,2026-06-12 20:07:20,1781300240,2026-06-12 21:37:20,short,1520.88994,1523.10143,1534.3283020015183,1495.7660458232488,flip,-11.057449999999564,1.25,0.5000000000000001,0.7000000000000001,0.0,2.45,-13.507449999999565,9158.960378461468,-0.36217666703978546
124,1781300240,2026-06-12 21:37:20,1781320940,2026-06-13 03:22:20,long,1523.10143,1507.3243723332025,1507.3243723332025,1552.5976682466214,sl,-78.88528833398709,1.25,0.5000000000000001,0.7000000000000001,0.15000000000000002,2.6,-81.4852883339871,9077.475090127482,0.321338405404234
125,1781320940,2026-06-13 03:22:20,1781337140,2026-06-13 07:52:20,short,1507.73045,1494.25829,1522.7950784823786,1479.5661445764226,flip,67.36080000000015,1.25,0.5000000000000001,0.7000000000000001,0.0,2.45,64.91080000000015,9142.385890127482,-0.562089140821142
126,1781337140,2026-06-13 07:52:20,1781338940,2026-06-13 08:22:20,long,1494.25829,1487.25581,1479.6683435228058,1521.535146457363,flip,-35.01239999999939,1.25,0.5000000000000001,0.7000000000000001,0.0,2.45,-37.46239999999939,9104.923490127483,0.33146034716954204
127,1781338940,2026-06-13 08:22:20,1781374040,2026-06-13 18:07:20,short,1487.25581,1459.5106625852331,1502.0962376869686,1459.5106625852331,tp,138.7257370738348,1.25,0.5000000000000001,0.7000000000000001,0.0,2.45,136.27573707383482,9241.199227201318,-0.36858121144850203
128,1781380340,2026-06-13 19:52:20,1781385740,2026-06-13 21:22:20,short,1452.24873,1465.5069700351912,1465.5069700351912,1427.4615855863815,sl,-66.29120017595596,1.25,0.5000000000000001,0.7000000000000001,0.0,2.45,-68.74120017595597,9172.458027025361,-0.3952106742638965
129,1781389340,2026-06-13 22:22:20,1781411840,2026-06-14 04:37:20,long,1477.31605,1504.5526246888667,1462.7476495850246,1504.5526246888667,tp,136.18287344433384,1.25,0.5000000000000001,0.7000000000000001,0.15000000000000002,2.6,133.58287344433384,9306.040900469694,0.2813178111109497
130,1781411840,2026-06-14 04:37:20,1781412740,2026-06-14 04:52:20,long,1511.09714,1498.5739592167242,1498.5739592167242,1534.5100432035156,sl,-62.615903916379246,1.25,0.5000000000000001,0.7000000000000001,0.0,2.45,-65.06590391637924,9240.974996553316,0.27232599091005427
131,1781415440,2026-06-14 05:37:20,1781445140,2026-06-14 13:52:20,long,1511.79157,1497.6799903188219,1497.6799903188219,1538.1740885343766,sl,-70.55789840589114,1.25,0.5000000000000001,0.7000000000000001,0.0,2.45,-73.00789840589114,9167.967098147425,0.43256912250400986
132,1781447840,2026-06-14 14:37:20,1781458640,2026-06-14 17:37:20,short,1493.97296,1499.054,1509.7146943362536,1464.5427610235258,flip,-25.40520000000015,1.25,0.5000000000000001,0.7000000000000001,0.0,2.45,-27.85520000000015,9140.111898147425,-0.48168553954840965
133,1781458640,2026-06-14 17:37:20,1781472140,2026-06-14 21:22:20,long,1499.054,1529.7686899975495,1482.6252123268923,1529.7686899975495,tp,153.57344998774693,1.25,0.5000000000000001,0.7000000000000001,0.0,2.45,151.12344998774694,9291.235348135171,0.3401264567598477
134,1781472140,2026-06-14 21:22:20,1781478440,2026-06-14 23:07:20,long,1530.76922,1518.22735,1513.1329931169785,1563.741296346518,flip,-62.709350000000086,1.25,0.5000000000000001,0.7000000000000001,0.0,2.45,-65.15935000000009,9226.075998135171,0.3057304410094208
135,1781478440,2026-06-14 23:07:20,1781480240,2026-06-14 23:37:20,short,1518.22735,1523.13208,1536.7168202654616,1483.6600795037018,flip,-24.523650000001,1.25,0.5000000000000001,0.7000000000000001,0.0,2.45,-26.973650000000998,9199.10234813517,-0.40791638769896266
136,1781480240,2026-06-14 23:37:20,1781494640,2026-06-15 03:37:20,long,1523.13208,1522.80246,1505.4921177047804,1556.1111399432368,flip,-1.6480999999998858,1.25,0.5000000000000001,0.7000000000000001,0.15000000000000002,2.6,-4.248099999999886,9194.854248135169,0.30400297787462094
137,1781494640,2026-06-15 03:37:20,1781500940,2026-06-15 05:22:20,short,1522.80246,1483.187763219095,1543.9917164176936,1483.187763219095,tp,198.07348390452603,1.25,0.5000000000000001,0.7000000000000001,0.0,2.45,195.62348390452604,9390.477732039695,-0.5008370196855072
138,1781500940,2026-06-15 05:22:20,1781527940,2026-06-15 12:52:20,short,1479.36218,1487.92873,1503.461518163025,1434.306895608258,flip,-42.83275000000003,1.25,0.5000000000000001,0.7000000000000001,0.0,2.45,-45.282750000000036,9345.194982039695,-0.6759776536312849
139,1781527940,2026-06-15 12:52:20,1781557640,2026-06-15 21:07:20,long,1487.92873,1527.0224569878014,1467.0181318437342,1527.0224569878014,tp,195.46863493900673,1.25,0.5000000000000001,0.7000000000000001,0.0,2.45,193.01863493900674,9538.2136169787,0.40181020299427905
140,1781557640,2026-06-15 21:07:20,1781565740,2026-06-15 23:22:20,long,1528.86208,1507.5626007317676,1507.5626007317676,1568.6828455884347,sl,-106.4973963411626,1.25,0.5000000000000001,0.7000000000000001,0.0,2.45,-108.9473963411626,9429.266220637539,0.4463097079716727
141,1781568440,2026-06-16 00:07:20,1781583740,2026-06-16 04:22:20,short,1496.85258,1454.775263545164,1519.3590515921214,1454.775263545164,tp,210.38658227417955,1.25,0.5000000000000001,0.7000000000000001,0.0,2.45,207.93658227417956,9637.20280291172,-0.5479958880605418
142,1781583740,2026-06-16 04:22:20,1781605340,2026-06-16 10:22:20,short,1453.7757,1441.38852,1473.426170701139,1417.0378634717833,flip,61.93589999999972,1.25,0.5000000000000001,0.7000000000000001,0.0,2.45,59.48589999999972,9696.688702911719,-0.3608734921812107
143,1781605340,2026-06-16 10:22:20,1781608040,2026-06-16 11:07:20,long,1441.38852,1422.6625954653653,1422.6625954653653,1476.3978571734476,sl,-93.62962267317357,1.25,0.5000000000000001,0.7000000000000001,0.0,2.45,-96.07962267317357,9600.609080238546,0.4946290529210025
144,1781620640,2026-06-16 14:37:20,1781634140,2026-06-16 18:22:20,long,1449.87733,1427.861256678666,1427.861256678666,1491.0378149051028,sl,-110.08036660667018,1.25,0.5000000000000001,0.7000000000000001,0.0,2.45,-112.53036660667019,9488.078713631876,0.37883959642613585
145,1781634140,2026-06-16 18:22:20,1781658440,2026-06-17 01:07:20,short,1419.93247,1380.2674432339336,1441.1486471074309,1380.2674432339336,tp,198.32513383033188,1.25,0.5000000000000001,0.7000000000000001,0.22500000000000003,2.6750000000000003,195.6501338303319,9683.728847462207,-0.4053553033767351
146,1781658440,2026-06-17 01:07:20,1781673740,2026-06-17 05:22:20,short,1380.18601,1374.37001,1400.627399821482,1341.9694985946205,flip,29.079999999999018,1.25,0.5000000000000001,0.7000000000000001,0.0,2.45,26.62999999999902,9710.358847462207,-0.3806002421668417
147,1781673740,2026-06-17 05:22:20,1781698040,2026-06-17 12:07:20,long,1374.37001,1383.01279,1356.9978097890682,1406.8484712639163,flip,43.21389999999952,1.25,0.5000000000000001,0.7000000000000001,0.0,2.45,40.763899999999516,9751.122747462206,0.31611921354853245
148,1781698040,2026-06-17 12:07:20,1781702540,2026-06-17 13:22:20,short,1383.01279,1354.4252681820963,1398.3037900421346,1354.4252681820963,tp,142.9376090895187,1.25,0.5000000000000001,0.7000000000000001,0.0,2.45,140.4876090895187,9891.610356551726,-0.36276019284517547
149,1781702540,2026-06-17 13:22:20,1781721440,2026-06-17 18:37:20,short,1355.3224,1324.8524806546177,1371.6202638359023,1324.8524806546177,tp,152.3495967269116,1.25,0.5000000000000001,0.7000000000000001,0.0,2.45,149.89959672691162,10041.509953278637,-0.5099718203132344
150,1781722340,2026-06-17 18:52:20,1781729540,2026-06-17 20:52:20,short,1314.6287,1330.2208091923517,1330.2208091923517,1285.478234988212,sl,-77.9605459617585,1.25,0.5000000000000001,0.7000000000000001,0.0,2.45,-80.4105459617585,9961.099407316879,-0.4651030286493787
151,1781731340,2026-06-17 21:22:20,1781758340,2026-06-18 04:52:20,long,1331.54901,1364.2818558934662,1314.0407435918669,1364.2818558934662,tp,163.6642294673311,1.25,0.5000000000000001,0.7000000000000001,0.15000000000000002,2.6,161.0642294673311,10122.16363678421,0.4250341170552712
152,1781758340,2026-06-18 04:52:20,1781779040,2026-06-18 10:37:20,long,1367.21561,1370.10278,1350.8429812199995,1397.8253072843486,flip,14.435849999999848,1.25,0.5000000000000001,0.7000000000000001,0.0,2.45,11.985849999999846,10134.149486784208,0.3469307512643706
153,1781779040,2026-06-18 10:37:20,1781788940,2026-06-18 13:22:20,short,1370.10278,1367.80075,1385.1064774886904,1342.0523890428829,flip,11.51014999999916,1.25,0.5000000000000001,0.7000000000000001,0.0,2.45,9.060149999999158,10143.209636784208,-0.4125086545573167
154,1781788940,2026-06-18 13:22:20,1781874440,2026-06-19 13:07:20,long,1367.80075,1393.2195798322807,1354.2046317176175,1393.2195798322807,tp,127.09414916140305,1.25,0.5000000000000001,0.7000000000000001,0.15000000000000002,2.6,124.49414916140304,10267.70378594561,0.31222838100156347
155,1781877140,2026-06-19 13:52:20,1781898740,2026-06-19 19:52:20,long,1399.35443,1392.01559,1389.1355340373616,1418.4593224518894,flip,-36.69420000000059,1.25,0.5000000000000001,0.7000000000000001,0.0,2.45,-39.144200000000595,10228.55958594561,0.4702139258142924
156,1781898740,2026-06-19 19:52:20,1781905940,2026-06-19 21:52:20,short,1392.01559,1397.76075,1401.452153620067,1374.3733188842223,flip,-28.72579999999971,1.25,0.5000000000000001,0.7000000000000001,0.0,2.45,-31.175799999999708,10197.38378594561,-0.44126680751783476
157,1781905940,2026-06-19 21:52:20,1781912240,2026-06-19 23:37:20,long,1397.76075,1389.1969655207627,1389.1969655207627,1413.7713035916174,sl,-42.81892239618628,1.25,0.5000000000000001,0.7000000000000001,0.0,2.45,-45.268922396186284,10152.114863549425,0.3052643393397116
158,1781918540,2026-06-20 01:22:20,1781927540,2026-06-20 03:52:20,long,1394.12679,1384.6407673539086,1384.6407673539086,1411.8615279905189,sl,-47.43011323045721,1.25,0.5000000000000001,0.7000000000000001,0.0,2.45,-49.88011323045721,10102.234750318967,0.35622044553292503
159,1781934740,2026-06-20 05:52:20,1781939240,2026-06-20 07:07:20,long,1398.12405,1416.9200951124217,1388.0703514514953,1416.9200951124217,tp,93.9802255621089,1.25,0.5000000000000001,0.7000000000000001,0.0,2.45,91.5302255621089,10193.764975881075,0.32770668208387427
160,1781939240,2026-06-20 07:07:20,1781943740,2026-06-20 08:22:20,long,1415.44158,1404.035329489467,1404.035329489467,1436.7663092153443,sl,-57.03125255266514,1.25,0.5000000000000001,0.7000000000000001,0.0,2.45,-59.48125255266514,10134.28372332841,0.30448150433657234
161,1781949140,2026-06-20 09:52:20,1781951840,2026-06-20 10:37:20,short,1390.44144,1401.7134791489786,1401.7134791489786,1369.3676276779968,sl,-56.36019574489296,1.25,0.5000000000000001,0.7000000000000001,0.0,2.45,-58.810195744892965,10075.473527583517,-0.43748837977354266
162,1781953640,2026-06-20 11:07:20,1781970740,2026-06-20 15:52:20,long,1414.02469,1439.283513588874,1400.5141564524627,1439.283513588874,tp,126.29411794437033,1.25,0.5000000000000001,0.7000000000000001,0.0,2.45,123.84411794437032,10199.317645527888,0.2873620531127137
163,1781973440,2026-06-20 16:37:20,1781986040,2026-06-20 20:07:20,long,1444.23609,1473.0992577288134,1428.797651447379,1473.0992577288134,tp,144.31583864406662,1.25,0.5000000000000001,0.7000000000000001,0.0,2.45,141.86583864406663,10341.183484171956,0.473767069046999
164,1781986040,2026-06-20 20:07:20,1781994140,2026-06-20 22:22:20,long,1479.26613,1464.2387239428526,1464.2387239428526,1507.3608456720578,sl,-75.13703028573673,1.25,0.5000000000000001,0.7000000000000001,0.0,2.45,-77.58703028573673,10263.596453886219,0.7205299786384333
165,1781995940,2026-06-20 22:52:20,1782012140,2026-06-21 03:22:20,short,1463.42004,1434.580857234456,1478.845649386221,1434.580857234456,tp,144.19591382771958,1.25,0.5000000000000001,0.7000000000000001,0.07500000000000001,2.5250000000000004,141.6709138277196,10405.26736771394,-0.3885118988266386
166,1782019340,2026-06-21 05:22:20,1782031040,2026-06-21 08:37:20,short,1436.82808,1445.46011,1451.6788433815457,1409.0636093301537,flip,-43.16014999999993,1.25,0.5000000000000001,0.7000000000000001,0.0,2.45,-45.61014999999993,10359.657217713939,-0.37537213678397247
167,1782031040,2026-06-21 08:37:20,1782034640,2026-06-21 09:37:20,long,1445.46011,1430.215062321616,1430.215062321616,1473.961720876979,sl,-76.22523839192013,1.25,0.5000000000000001,0.7000000000000001,0.0,2.45,-78.67523839192013,10280.98197932202,0.4228003064654862
168,1782043640,2026-06-21 12:07:20,1782048140,2026-06-21 13:22:20,short,1412.13619,1430.2537797999692,1430.2537797999692,1378.2641742870142,sl,-90.58794899984606,1.25,0.5000000000000001,0.7000000000000001,0.0,2.45,-93.03794899984607,10187.944030322173,-0.5897470506504189
169,1782048140,2026-06-21 13:22:20,1782078740,2026-06-21 21:52:20,long,1432.55416,1468.7072100492644,1413.2164820666724,1468.7072100492644,tp,180.7652502463225,1.25,0.5000000000000001,0.7000000000000001,0.0,2.45,178.3152502463225,10366.259280568494,0.43943295995866705
170,1782078740,2026-06-21 21:52:20,1782106640,2026-06-22 05:37:20,long,1472.79918,1471.45003,1455.5560649384772,1505.036308158499,flip,-6.745750000000044,1.25,0.5000000000000001,0.7000000000000001,0.15000000000000002,2.6,-9.345750000000043,10356.913530568494,0.35205997323692145
171,1782106640,2026-06-22 05:37:20,1782120140,2026-06-22 09:22:20,short,1471.45003,1438.4839671508391,1489.083040361179,1438.4839671508391,tp,164.83031424580417,1.25,0.5000000000000001,0.7000000000000001,0.0,2.45,162.3803142458042,10519.293844814298,-0.36282701661373884
172,1782130040,2026-06-22 12:07:20,1782136340,2026-06-22 13:52:20,long,1442.67678,1425.8660333373832,1425.8660333373832,1474.1055672388054,sl,-84.05373331308397,1.25,0.5000000000000001,0.7000000000000001,0.0,2.45,-86.50373331308397,10432.790111501214,0.2829986743694387
173,1782144440,2026-06-22 16:07:20,1782159740,2026-06-22 20:22:20,long,1442.49145,1478.2230923636394,1423.3791761775883,1478.2230923636394,tp,178.65821181819683,1.25,0.5000000000000001,0.7000000000000001,0.0,2.45,176.20821181819684,10608.99832331941,0.37232383418273085
174,1782159740,2026-06-22 20:22:20,1782202040,2026-06-23 08:07:20,long,1484.58904,1523.4841975273287,1463.784653415615,1523.4841975273287,tp,194.47578763664296,1.25,0.5000000000000001,0.7000000000000001,0.15000000000000002,2.6,191.87578763664297,10800.874110956054,0.5835929861052364
175,1782202040,2026-06-23 08:07:20,1782206540,2026-06-23 09:22:20,long,1521.69858,1504.2718926211949,1504.2718926211949,1554.278908577766,sl,-87.13343689402564,1.25,0.5000000000000001,0.7000000000000001,0.0,2.45,-89.58343689402564,10711.29067406203,0.46375412348852396
176,1782208340,2026-06-23 09:52:20,1782227240,2026-06-23 15:07:20,long,1511.17692,1545.8816231070227,1492.6139392683367,1545.8816231070227,tp,173.52351553511315,1.25,0.5000000000000001,0.7000000000000001,0.0,2.45,171.07351553511316,10882.364189597143,0.2703581678909045
177,1782233540,2026-06-23 16:52:20,1782235340,2026-06-23 17:22:20,long,1541.19176,1530.75792,1524.9997492885009,1571.463780025846,flip,-52.16919999999959,1.25,0.5000000000000001,0.7000000000000001,0.0,2.45,-54.619199999999594,10827.744989597144,0.3758640327107991
178,1782235340,2026-06-23 17:22:20,1782246140,2026-06-23 20:22:20,short,1530.75792,1499.2444830797551,1547.6139443992008,1499.2444830797551,tp,157.56718460122443,1.25,0.5000000000000001,0.7000000000000001,0.0,2.45,155.11718460122444,10982.862174198368,-0.3928835755522981
179,1782246140,2026-06-23 20:22:20,1782256040,2026-06-23 23:07:20,short,1487.56962,1450.7684520718988,1507.253965635961,1450.7684520718988,tp,184.0058396405061,1.25,0.5000000000000001,0.7000000000000001,0.0,2.45,181.55583964050612,11164.418013838875,-0.4835249115062044
180,1782256040,2026-06-23 23:07:20,1782274040,2026-06-24 04:07:20,short,1453.04945,1440.74867,1473.1321011412524,1415.5036239533106,flip,61.503900000000165,1.25,0.5000000000000001,0.7000000000000001,0.22500000000000003,2.6750000000000003,58.82890000000016,11223.246913838875,-0.4820474655857267
181,1782274040,2026-06-24 04:07:20,1782303740,2026-06-24 12:22:20,long,1440.74867,1477.6588363506733,1421.006022882198,1477.6588363506733,tp,184.55083175336654,1.25,0.5000000000000001,0.7000000000000001,0.0,2.45,182.10083175336655,11405.347745592242,0.2877479250076264
182,1782310940,2026-06-24 14:22:20,1782321740,2026-06-24 17:22:20,short,1462.05514,1451.27852,1476.7666734083064,1434.5509688453399,flip,53.88309999999933,1.25,0.5000000000000001,0.7000000000000001,0.0,2.45,51.43309999999933,11456.780845592242,-0.4145541719807621
183,1782321740,2026-06-24 17:22:20,1782325340,2026-06-24 18:22:20,long,1451.27852,1436.835627123952,1436.835627123952,1478.280450159568,sl,-72.21446438024032,1.25,0.5000000000000001,0.7000000000000001,0.0,2.45,-74.66446438024032,11382.116381212001,0.2771106220940256
184,1782331640,2026-06-24 20:07:20,1782339740,2026-06-24 22:22:20,long,1453.32359,1448.19019,1437.7958184800411,1482.3537715373145,flip,-25.66699999999969,1.25,0.5000000000000001,0.7000000000000001,0.0,2.45,-28.11699999999969,11353.999381212001,0.38117475876304785
185,1782339740,2026-06-24 22:22:20,1782350540,2026-06-25 01:22:20,short,1448.19019,1461.91014,1466.2877955581303,1414.3555361304523,flip,-68.59974999999963,1.25,0.5000000000000001,0.7000000000000001,0.07500000000000001,2.5250000000000004,-71.12474999999964,11282.874631212002,-0.4489220287017856
186,1782350540,2026-06-25 01:22:20,1782357740,2026-06-25 03:22:20,long,1461.91014,1440.9809162568538,1440.9809162568538,1501.0386887371862,sl,-104.64611871573084,1.25,0.5000000000000001,0.7000000000000001,0.0,2.45,-107.09611871573084,11175.778512496272,0.35473109897001204
187,1782360440,2026-06-25 04:07:20,1782362240,2026-06-25 04:37:20,short,1439.34828,1443.6726,1457.6016963637767,1405.2223276677219,flip,-21.621600000000853,1.25,0.5000000000000001,0.7000000000000001,0.0,2.45,-24.071600000000853,11151.70691249627,-0.4013260673497548
188,1782362240,2026-06-25 04:37:20,1782376640,2026-06-25 08:37:20,long,1443.6726,1437.86843,1426.3675350740907,1476.0255474701787,flip,-29.020850000000564,1.25,0.5000000000000001,0.7000000000000001,0.0,2.45,-31.470850000000564,11120.236062496271,0.2731859335904304
189,1782376640,2026-06-25 08:37:20,1782384740,2026-06-25 10:52:20,short,1437.86843,1405.7021208179528,1455.0736651438858,1405.7021208179528,tp,160.83154591023572,1.25,0.5000000000000001,0.7000000000000001,0.0,2.45,158.38154591023573,11278.617608406506,-0.4389623262204968
190,1782384740,2026-06-25 10:52:20,1782396440,2026-06-25 14:07:20,short,1400.88662,1411.68884,1421.6620484267637,1362.04560163692,flip,-54.01110000000017,1.25,0.5000000000000001,0.7000000000000001,0.0,2.45,-56.46110000000017,11222.156508406506,-0.49678195822956983
191,1782396440,2026-06-25 14:07:20,1782418940,2026-06-25 20:22:20,long,1411.68884,1413.32109,1389.3501298475867,1453.452515502338,flip,8.161249999999427,1.25,0.5000000000000001,0.7000000000000001,0.0,2.45,5.711249999999427,11227.867758406506,0.4691192319248244
192,1782418940,2026-06-25 20:22:20,1782435140,2026-06-26 00:52:20,short,1413.32109,1382.2235469934467,1429.954659515133,1382.2235469934467,tp,155.48771503276612,1.25,0.5000000000000001,0.7000000000000001,0.07500000000000001,2.5250000000000004,152.96271503276614,11380.830473439273,-0.4010980586543579
193,1782435140,2026-06-26 00:52:20,1782444140,2026-06-26 03:22:20,short,1380.37406,1395.6347780678852,1395.6347780678852,1351.843152307867,sl,-76.30359033942568,1.25,0.5000000000000001,0.7000000000000001,0.0,2.45,-78.75359033942568,11302.076883099848,-0.5747432520632169
194,1782449540,2026-06-26 04:52:20,1782451340,2026-06-26 05:22:20,long,1396.85791,1382.5799372581093,1382.5799372581093,1423.5515112130995,sl,-71.38986370945304,1.25,0.5000000000000001,0.7000000000000001,0.0,2.45,-73.83986370945304,11228.237019390395,0.42234151945133713
195,1782461240,2026-06-26 08:07:20,1782496340,2026-06-26 17:52:20,long,1398.2392,1415.00835,1381.584093036693,1429.3770086705304,flip,83.84575000000041,1.25,0.5000000000000001,0.7000000000000001,0.0,2.45,81.3957500000004,11309.632769390395,0.3089058678593068
196,1782496340,2026-06-26 17:52:20,1782511640,2026-06-26 22:07:20,short,1415.00835,1416.12199,1428.1152546768358,1390.5041369085245,flip,-5.568200000000161,1.25,0.5000000000000001,0.7000000000000001,0.0,2.45,-8.01820000000016,11301.614569390395,-0.38575182289038257
197,1782511640,2026-06-26 22:07:20,1782526040,2026-06-27 02:07:20,long,1416.12199,1437.0961347244809,1404.9032614264406,1437.0961347244809,tp,104.87072362240384,1.25,0.5000000000000001,0.7000000000000001,0.15000000000000002,2.6,102.27072362240384,11403.885293012798,0.2784111426448885
198,1782526040,2026-06-27 02:07:20,1782561140,2026-06-27 11:52:20,long,1437.26833,1427.90195,1423.2320999719923,1463.509977443667,flip,-46.831900000000815,1.25,0.5000000000000001,0.7000000000000001,0.0,2.45,-49.28190000000082,11354.603393012798,0.35886792824244085
199,1782561140,2026-06-27 11:52:20,1782571940,2026-06-27 14:52:20,short,1427.90195,1428.73234,1439.977669203902,1405.3256054014005,flip,-4.151950000000397,1.25,0.5000000000000001,0.7000000000000001,0.0,2.45,-6.6019500000003974,11348.001443012798,-0.3603268465448014
200,1782571940,2026-06-27 14:52:20,1782587240,2026-06-27 19:07:20,long,1428.73234,1415.2011391782737,1415.2011391782737,1454.0298024058363,sl,-67.65600410863158,1.25,0.5000000000000001,0.7000000000000001,0.0,2.45,-70.10600410863158,11277.895438904166,0.276852085410372
201,1782608840,2026-06-28 01:07:20,1782623240,2026-06-28 05:07:20,long,1424.98241,1413.7411529162089,1413.7411529162089,1445.9986732436098,sl,-56.20628541895599,1.25,0.5000000000000001,0.7000000000000001,0.0,2.45,-58.656285418955996,11219.23915348521,0.34701306584908276
202,1782630440,2026-06-28 07:07:20,1782654740,2026-06-28 13:52:20,long,1419.71827,1408.7821435559174,1408.7821435559174,1440.1640716128502,sl,-54.68063222041337,1.25,0.5000000000000001,0.7000000000000001,0.0,2.45,-57.130632220413375,11162.108521264798,0.3242307891779503
203,1782657440,2026-06-28 14:37:20,1782661040,2026-06-28 15:37:20,short,1408.55376,1422.6536550523967,1422.6536550523967,1382.1930866411715,sl,-70.49947526198366,1.25,0.5000000000000001,0.7000000000000001,0.0,2.45,-72.94947526198366,11089.159046002815,-0.5472842975084022
204,1782666440,2026-06-28 17:07:20,1782668240,2026-06-28 17:37:20,long,1422.20066,1407.189066724157,1407.189066724157,1450.2658126461408,sl,-75.05796637921436,1.25,0.5000000000000001,0.7000000000000001,0.0,2.45,-77.50796637921437,11011.6510796236,0.3422324019415154
205,1782677240,2026-06-28 20:07:20,1782706040,2026-06-29 04:07:20,long,1414.02271,1399.4690761617255,1399.4690761617255,1441.231677610687,sl,-72.7681691913722,1.25,0.5000000000000001,0.7000000000000001,0.15000000000000002,2.6,-75.3681691913722,10936.282910432228,0.3012320691101112
206,1782710540,2026-06-29 05:22:20,1782716840,2026-06-29 07:07:20,long,1411.15887,1402.15149,1395.9622156397058,1439.5700064127236,flip,-45.03690000000006,1.25,0.5000000000000001,0.7000000000000001,0.0,2.45,-47.48690000000006,10888.796010432228,0.32791371872299563
207,1782716840,2026-06-29 07:07:20,1782718640,2026-06-29 07:37:20,short,1402.15149,1407.81427,1416.6650297642402,1375.017480875551,flip,-28.313900000000558,1.25,0.5000000000000001,0.7000000000000001,0.0,2.45,-30.763900000000557,10858.032110432228,-0.4175478160188859
208,1782718640,2026-06-29 07:37:20,1782732140,2026-06-29 11:22:20,long,1407.81427,1433.9273694746526,1393.8467981879767,1433.9273694746526,tp,130.56549737326236,1.25,0.5000000000000001,0.7000000000000001,0.0,2.45,128.11549737326237,10986.147607805491,0.28797330648373426
209,1782732140,2026-06-29 11:22:20,1782760040,2026-06-29 19:07:20,long,1436.38834,1465.742160053871,1420.687459506069,1465.742160053871,tp,146.76910026935502,1.25,0.5000000000000001,0.7000000000000001,0.0,2.45,144.31910026935503,11130.466708074846,0.4004069470653091
210,1782764540,2026-06-29 20:22:20,1782768140,2026-06-29 21:22:20,long,1460.47278,1445.0192247553455,1445.0192247553455,1489.3642093704414,sl,-77.2677762232729,1.25,0.5000000000000001,0.7000000000000001,0.0,2.45,-79.7177762232729,11050.748931851573,0.3240088353159645
211,1782771740,2026-06-29 22:22:20,1782785240,2026-06-30 02:07:20,short,1446.31938,1446.77206,1462.0976475166729,1416.8208798601331,flip,-2.2634000000005017,1.25,0.5000000000000001,0.7000000000000001,0.07500000000000001,2.5250000000000004,-4.788400000000502,11045.960531851571,-0.40571596097400314
212,1782785240,2026-06-30 02:07:20,1782830240,2026-06-30 14:37:20,long,1446.77206,1478.9701627540228,1429.5498189920343,1478.9701627540228,tp,160.99051377011392,1.25,0.5000000000000001,0.7000000000000001,0.0,2.45,158.54051377011393,11204.501045621686,0.35230057846583523
213,1782830240,2026-06-30 14:37:20,1782861740,2026-06-30 23:22:20,long,1480.55147,1509.6800169419475,1464.9710844264002,1509.6800169419475,tp,145.6427347097372,1.25,0.5000000000000001,0.7000000000000001,0.0,2.45,143.1927347097372,11347.693780331423,0.5531368286349121
214,1782865340,2026-07-01 00:22:20,1782878840,2026-07-01 04:07:20,long,1503.40525,1499.31001,1490.6815314723901,1527.1930715950969,eod,-20.476200000000517,1.25,0.5000000000000001,0.7000000000000001,0.0,2.45,-22.926200000000517,11324.767580331423,0.3805515294222456
